venue_name,city,address,neighborhood,maps_link,events_url,status
The Comedy Store,West Hollywood,"8433 Sunset Blvd, West Hollywood, CA 90069",West Hollywood,https://maps.app.goo.gl/aYpQysUaK6xiwsph6,https://thecomedystore.com/calendar/room/the-belly-room,ok
The Glendale Room,Glendale,"127 N Artsakh Ave, Glendale, CA 91206",Glendale,https://maps.app.goo.gl/L8py5889CbMDiSt59,https://www.theglendaleroom.com/calendar,ok
Tao Comedy Studio,Los Angeles,"131 S Western Ave, Los Angeles, CA 90004",Koreatown,https://maps.app.goo.gl/6fgtc6CDg4mSfuGa6,https://taocomedystudio.com/schedule/,ok
Park La Brea Activities Center and Theater,Los Angeles,"475 S Curson Ave, Los Angeles, CA 90036",Mid-Wilshire,https://maps.app.goo.gl/q8UBXFGfkBYQxvcL9,none,ok
The Comedy Chateau,North Hollywood,"4615 Lankershim Blvd, North Hollywood, CA 91602",North Hollywood,https://maps.app.goo.gl/UTP8rdFARBRoYDcD9,https://www.thecomedychateau.com/calendar,ok
Brews Brothers Brewpub (Burbank),Burbank,"3000 W Olive Ave, Burbank, CA 91505",Burbank,https://maps.app.goo.gl/uCdmNFPwUVML5TJd6,https://brewsbrotherscraftbeer.com/events,ok
Brews Brothers (North Hollywood),North Hollywood,"5140 Lankershim Blvd, North Hollywood, CA 91601",North Hollywood,https://maps.app.goo.gl/7qTD5MqTANfovpkh9,http://slotted.co/bearknux,ok
Sal's Pub & Grill,Canoga Park,"22033 Sherman Way, Canoga Park, CA 91303",Canoga Park,https://maps.app.goo.gl/TTGWg53K6xoZiZ9N9,none,ok
Liquid Zoo,Van Nuys,"7214 Sepulveda Blvd, Van Nuys, CA 91405",Van Nuys,https://maps.app.goo.gl/eaYdgKamB7HDy48z8,none,ok
The Pack Theater,Los Angeles,"1615 N Vermont Ave, Los Angeles, CA 90027",East Hollywood,https://maps.app.goo.gl/wUVYUgz8ZzEyHZnZ7,https://www.packtheater.com/shows,ok
Nico's Wines (Baby Battista),Los Angeles,"3111 Glendale Blvd #2, Los Angeles, CA 90039",Atwater Village,https://maps.app.goo.gl/Dsg4noWq8qYSn9fJ7,https://www.eventbrite.com/o/baby-battista-at-nicos-77451581323,ok
Petty Cash Studios,West Hollywood,"8949 Sunset Blvd Ste 203, West Hollywood, CA 90069",West Hollywood,https://maps.app.goo.gl/9zbegKLCuem4QS3X8,none,ok
The Blue Door Theater,Culver City,"9617 Venice Blvd., Culver City, CA 90232",Culver City,https://maps.app.goo.gl/rgAfRutNf7Yqv2MY8,https://www.artsupla.org/variety,ok
Roxanne's,Long Beach,"1115 E Wardlow Rd, Long Beach, CA 90807",California Heights,https://maps.app.goo.gl/t4zq83FeiEwBVi2G6,https://www.rox.bar/events/,out_of_scope
The Elysian Theater,Los Angeles,"1944 Riverside Dr, Los Angeles, CA 90039",Echo Park,https://maps.app.goo.gl/aMDotVuhz5HKmtbEA,https://www.elysiantheater.com/open-mic-cal,ok
Boomtown Brewery,Los Angeles,"700 Jackson St, Los Angeles, CA 90012",Downtown,https://maps.app.goo.gl/BtWKgaQXVJd1eZXG6,https://www.boomtownbrew.com/visit/#events,ok
The CanTiki,North Hollywood,"11100 Magnolia Blvd, North Hollywood, CA 91601",North Hollywood,https://maps.app.goo.gl/25gxUGFvFXHZvR2z5,https://www.thecantiki.com/weekly-events,ok
The Nitecap,Burbank,"2200 W Burbank Blvd B, Burbank, CA 91506",Burbank,https://maps.app.goo.gl/yAy94r1PxEbiKzm99,none,ok
Universal Bar & Grill,North Hollywood,"4093 Lankershim Blvd, North Hollywood, CA 91602",North Hollywood,https://maps.app.goo.gl/7KXFW6RD1pkrSF9n6,https://www.universalbarandgrill.com/calendar/,ok
Mattie's WeHo,West Hollywood,"8900 Santa Monica Blvd, West Hollywood, CA 90069",West Hollywood,https://maps.app.goo.gl/eYTP8U4HZ9MDjgBF8,https://roccosweho.com/calendar/,ok
Lyric Hyperion Theater & Cafe,Los Angeles,"2106 Hyperion Ave, Los Angeles, CA 90027",Silver Lake,https://maps.app.goo.gl/FmbUEkJs6Tn9zQRJ8,https://lyrichyperion.com/tickets,ok
Proof Bar,Santa Ana,"215 N Broadway, Santa Ana, CA 92701","Artists Village, DTSA",https://maps.app.goo.gl/Q1dFTJcttKaahuHD6,https://www.proofbar.com/events,out_of_scope
Laugh Factory (Hollywood),Los Angeles,"8001 Sunset Blvd, Los Angeles, CA 90046",Hollywood Hills West,https://maps.app.goo.gl/Evyb26wSfejnnrya6,https://www.laughfactory.com/hollywood,ok
The Improv (Hollywood),Los Angeles,"8162 Melrose Ave, Los Angeles, CA 90046",Beverly Grove,https://maps.app.goo.gl/PJnmtj9657wyVgGF6,https://improv.com/hollywood,ok
Kibitz Room (Canter's Deli),Los Angeles,"419 N Fairfax Ave, Los Angeles, CA 90048",Beverly Grove,https://maps.app.goo.gl/6rCq6Mghf8HDifjd6,none,ok
Cahuenga General Store,North Hollywood,"5510 Cahuenga Blvd, North Hollywood, CA 91601",North Hollywood,https://maps.app.goo.gl/9mH2cFLg22i941aW9,none,ok
Relentless Spirits & Brewing,Los Angeles,"2133 Colorado Blvd, Los Angeles, CA 90041",Eagle Rock,https://maps.app.goo.gl/hJpr1CiW33ihheLv8,none,ok
Kavahana Bar,Santa Monica,"306 Pico Blvd, Santa Monica, CA 90405",Santa Monica,https://maps.app.goo.gl/EfZHNLuRtanYutJEA,https://www.canva.com/design/DAGFgqUwUHs/wMbwEn4smxq0S-XwFiSrHQ/view,ok
Stand-Up Comedy Club,Bellflower,"9831 Belmont St, Bellflower, CA 90706",Bellflower,https://maps.app.goo.gl/G2u52e8P76r2t1aX7,https://www.thestandupclub.com/,ok
Three Weavers Brewing Company,Inglewood,"1031 W Manchester Blvd A-B, Inglewood, CA 90301",Inglewood,https://maps.app.goo.gl/ocGWF27U9gNPADWu8,https://www.threeweavers.la/news-events/,ok
UCB Annex,Los Angeles,"1925 N Bronson Ave, Los Angeles, CA 90068",Hollywood Hills,https://maps.app.goo.gl/ShEuZuonaz6RQCNK7,https://ucbcomedy.com/shows/los-angeles/?_filter_comedy_type=standup,ok
The Improv (Ontario),Ontario,"4555 Mills Cir, Ontario, CA 91764",Ontario Mills,https://maps.app.goo.gl/pJh7T5dAcx1M6FBN8,https://improv.com/ontario,out_of_scope
The Mexican Village Restaurant,Los Angeles,"3668 Beverly Blvd, Los Angeles, CA 90004",Koreatown,https://maps.app.goo.gl/dZWQe5UxmNjSXW8QA,https://www.themexicanvillage.com/social-events-in-the-mexican-village/,ok
Viibz,North Hollywood,"10863 Magnolia Blvd, North Hollywood, CA 91601",North Hollywood,https://maps.app.goo.gl/Tck4uFP1Y7vRM3Rz7,none,ok
Sunset Rooftop,Los Angeles,"6099 Sunset Blvd, Los Angeles, CA 90028",Hollywood,https://maps.app.goo.gl/WsGtjEgUHXpDsxYj6,https://sunsetrooftop.net/events/,ok
Rhythm & Bleu,Los Angeles,"2064 Sawtelle Blvd, Los Angeles, CA 90025",Sawtelle,https://maps.app.goo.gl/PsuSZRzXyYU5ToC79,https://www.rhythmbleu.com/events,ok
Golden Gopher,Los Angeles,"417 W 8th St, Los Angeles, CA 90014",Downtown,https://maps.app.goo.gl/GqQqAipHVL5SjKPb9,none,ok
The Woods,Los Angeles,"1533 N La Brea Ave, Los Angeles, CA 90028",Hollywood,https://maps.app.goo.gl/tQtwQKc7FifZWEZ97,https://www.thewoodshollywood.com/,ok
Chatterbox,Covina,"943 N Citrus Ave, Covina, CA 91722",Covina,https://maps.app.goo.gl/vJ8akE1yCRLq4yqD6,https://www.eventbrite.com/e/chatterbox-comedy-night-a-weekly-stand-up-comedy-showcase-tickets-1999462897350?aff=ebdsoporgprofile,ok
Maui Sugar Mill Saloon,Tarzana,"18389 Ventura Blvd, Tarzana, CA 91356",Tarzana,https://maps.app.goo.gl/XupihkMyaAw9aAtL8,https://tockify.com/sugarmillsaloon/agenda,ok
Westside Comedy Theater,Santa Monica,"1323-A 3rd St, Santa Monica, CA 90401",Santa Monica,https://maps.app.goo.gl/zugLVRaa5a3myf21A,https://westsidecomedy.com/tickets-desktop/,ok
The Activist Kitchen Creative Space,Los Angeles,"669 Heliotrope Dr, Los Angeles, CA 90004",East Hollywood,https://maps.app.goo.gl/G3Br1f5PB3XHLuAm8,https://theactivistkitchen.com/pages/events,ok
HAHA Comedy Club,North Hollywood,"4712 Lankershim Blvd, North Hollywood, CA 91602",North Hollywood,https://maps.app.goo.gl/VMa1qYBPeKCwtMi3A,https://www.hahacomedyclub.com/,ok
Mar Vista Branch Library,Los Angeles,"12006 Venice Blvd., Los Angeles, CA 90066",Mar Vista,https://maps.app.goo.gl/yHVjAuxXiY5mJT8k9,https://www.lapl.org/events/stand-comedy-open-mic-0,ok
Chevalier's Books,Los Angeles,"133 N Larchmont Blvd, Los Angeles, CA 90004",Larchmont,https://maps.app.goo.gl/ZRzqnSevhgqgmsoY8,https://chevaliersbooks.com/upcoming-events,ok
Bad Ladder,Los Angeles,"1514 N Gardner St, Los Angeles, CA 90046",Hollywood,https://maps.app.goo.gl/ymojQ6KFBntUsgbr8,none,ok
The Barkley Restaurant & Bar,South Pasadena,"1400 Huntington Dr, South Pasadena, CA 91030",South Pasadena,https://maps.app.goo.gl/vKHE8yz9WZNBMt9h9,none,ok
The First Amendment,Claremont,"697 E Foothill Blvd, Claremont, CA 91711",Claremont,https://maps.app.goo.gl/AcHeXpdxkvmg7Hq66,none,ok
Close Up Kuts,Inglewood,"1130 Centinela Ave STE B, Inglewood, CA 90302",Inglewood,https://maps.app.goo.gl/i8or1XzAXNPpSNoS7,none,ok
The SiLA Clubhouse,Los Angeles,"1204 San Julian St, Los Angeles, CA 90015",Downtown,https://maps.app.goo.gl/u98NWMUQvkbscnoc7,none,ok
The Ice House,Pasadena,"24 N Mentor Ave, Pasadena, CA 91106",Pasadena,https://maps.app.goo.gl/JhzMLMw1WhMXpBTJA,https://icehousecomedy.com/,ok
The FanaticSalon Theater | Culver City Comedy Club,Los Angeles,"3815 Sawtelle Blvd, Los Angeles, CA 90066",Culver City,https://maps.app.goo.gl/trjPQg9BfzbeQBPdA,https://fanaticsalon.com/events/list/,ok
Cathedral Sanctuary (Immanuel Presbyterian Church),Los Angeles,"3300 Wilshire Blvd, Los Angeles, CA 90010",Koreatown,https://maps.app.goo.gl/69BNWmzwybySrnZi8,https://www.los-angeles-theatre.com/venues/cathedralsanctuaryalimmanuelpresbyterian,ok
Corbin Bowl,Tarzana,"19616 Ventura Blvd, Tarzana, CA 91356",Tarzana,https://maps.app.goo.gl/d6539sQepYDZ4Rfn7,https://www.corbinbowl.net/events/open-mic-party-9-2-26,ok
See Ya There Comedy,Los Angeles,10940 Ophir Dr Los Angeles CA 90024,Westwood,https://maps.app.goo.gl/xzdwSiFscHCtivCf7,none,ok
Café Tropical,Los Angeles,"2900 Sunset Blvd, Los Angeles, CA 90026",Silver Lake,https://maps.app.goo.gl/mncWVDbZ3vXAhH3y8,none,ok
The Good Bar,Long Beach,"3316 E 7th St, Long Beach, CA 90804","Belmont Heights, Long Beach",https://maps.app.goo.gl/SYCvtBauSitvVEf38,none,out_of_scope
The Clubhouse,Los Angeles,"1607 N Vermont Ave, Los Angeles, CA 90027",East Hollywood,https://maps.app.goo.gl/MCQ6f3CriCwJAqjM7,none,ok
Digital Debris,Los Angeles,"2646 N Figueroa St, Los Angeles, CA 90065",Cypress Park,https://maps.app.goo.gl/ki346WjZ8E2YrgsC7,https://www.digitaldebrisvideo.com/calendar,ok
Mofongos,North Hollywood,"5757 Lankershim Blvd, North Hollywood, CA 91601",North Hollywood,https://maps.app.goo.gl/BwSHB1MzXBuQCc2Q8,none,ok
The NoHo Diner,North Hollywood,"11329 Magnolia Blvd, North Hollywood, CA 91601",North Hollywood,https://maps.app.goo.gl/bzzoaAoMo87p3wt19,none,ok
The Broadwater Second Stage,Los Angeles,"6320 Santa Monica Blvd, Los Angeles, CA 90038",Hollywood,https://maps.app.goo.gl/jqF2UD8viKG1YViP8,https://www.thebroadwaterla.com/upcoming-events,ok
Melody Bar & Grill,Los Angeles,"9132 S Sepulveda Blvd, Los Angeles, CA 90045",Westchester,https://maps.app.goo.gl/BffNN2fAHdKg8Txf7,https://www.melodylax.com/los-angeles-events/,ok
